Data,Consumo
2004-01-01,26978.361462999997
2004-02-01,26508.269295000002
2004-03-01,27284.337172
2004-04-01,28046.181323
2004-05-01,27248.156753
2004-06-01,27082.960944000002
2004-07-01,27346.004948
2004-08-01,27656.857938
2004-09-01,28282.497483
2004-10-01,28509.867266
2004-11-01,28363.330608
2004-12-01,28562.105664
2005-01-01,28375.437028
2005-02-01,27887.617662999997
2005-03-01,28557.969391
2005-04-01,29347.026810999996
2005-05-01,28482.150416
2005-06-01,28320.549733000003
2005-07-01,28322.316846
2005-08-01,28765.002673000003
2005-09-01,29335.127541
2005-10-01,29145.312091
2005-11-01,29287.61641
2005-12-01,29505.145615
2006-01-01,28880.910258
2006-02-01,29383.486213
2006-03-01,29953.891885
2006-04-01,29839.706683
2006-05-01,28967.570394000002
2006-06-01,29060.2453
2006-07-01,29072.009156999997
2006-08-01,29886.235700999998
2006-09-01,29945.477065
2006-10-01,30093.621072
2006-11-01,30552.177883
2006-12-01,30493.978636
2007-01-01,30699.704
2007-02-01,30324.669
2007-03-01,31312.9
2007-04-01,32030.744
2007-05-01,31382.917
2007-06-01,30766.76
2007-07-01,30501.339
2007-08-01,31181.133
2007-09-01,31735.736
2007-10-01,32135.735
2007-11-01,32654.491
2007-12-01,32304.926
2008-01-01,31855.946235
2008-02-01,31730.940653
2008-03-01,32118.714812000002
2008-04-01,31952.656284
2008-05-01,32299.963365
2008-06-01,31742.987811
2008-07-01,32150.090043
2008-08-01,33013.174636
2008-09-01,32963.808691
2008-10-01,33672.661377
2008-11-01,33412.176533
2008-12-01,31559.278449999998
2009-01-01,30666.661799999998
2009-02-01,30495.14271
2009-03-01,31977.74951
2009-04-01,32042.7928
2009-05-01,30945.4529
2009-06-01,30715.08595
2009-07-01,31325.07523
2009-08-01,32262.2056
2009-09-01,32716.66581
2009-10-01,33419.53314
2009-11-01,33616.8202
2009-12-01,34123.1947
2010-01-01,33360.460285
2010-02-01,33729.757748
2010-03-01,35116.88182
2010-04-01,35025.860491
2010-05-01,34296.978
2010-06-01,34169.459
2010-07-01,33849.349
2010-08-01,34713.394229
2010-09-01,35182.271015
2010-10-01,35188.924989
2010-11-01,35077.981259
2010-12-01,35956.439401
2011-01-01,35873.744262
2011-02-01,35444.916658
2011-03-01,36350.690052
2011-04-01,36048.318049
2011-05-01,35565.987385
2011-06-01,35159.57372
2011-07-01,35417.292622
2011-08-01,36335.812841
2011-09-01,36965.189336
2011-10-01,36743.770383
2011-11-01,36368.389766
2011-12-01,36741.948783
2012-01-01,36305.167495
2012-02-01,36888.067591
2012-03-01,38635.573618
2012-04-01,37995.869167
2012-05-01,36810.190924
2012-06-01,36528.393279
2012-07-01,35917.147605
2012-08-01,37179.602794
2012-09-01,37661.696532
2012-10-01,37796.01425
2012-11-01,38643.584282
2012-12-01,37765.08436
2013-01-01,38391.038186
2013-02-01,38029.466702
2013-03-01,38468.143223
2013-04-01,38673.536713
2013-05-01,38371.701462
2013-06-01,37653.536004
2013-07-01,37723.94358
2013-08-01,38639.358179
2013-09-01,38550.77584
2013-10-01,39411.959827
2013-11-01,39945.438838
2013-12-01,39583.05805
2014-01-01,40305.915622
2014-02-01,41566.187574
2014-03-01,40273.024940999996
2014-04-01,39572.225569
2014-05-01,39129.407102
2014-06-01,37755.86524
2014-07-01,37816.158043
2014-08-01,38686.46056
2014-09-01,38928.294084
2014-10-01,40132.081881
2014-11-01,40987.338733
2014-12-01,39883.611647
2015-01-01,40715.758493
2015-02-01,40673.351162
2015-03-01,39720.790296
2015-04-01,39552.923499
2015-05-01,38160.017134
2015-06-01,37220.116926
2015-07-01,36777.765092
2015-08-01,37809.349908
2015-09-01,37789.561798
2015-10-01,39265.963707
2015-11-01,39208.06607
2015-12-01,38629.199706
2016-01-01,38441.185723
2016-02-01,38756.965712
2016-03-01,39479.836439
2016-04-01,40307.615949
2016-05-01,38684.472105
2016-06-01,37590.445232
2016-07-01,37298.61397
2016-08-01,37720.362486
2016-09-01,38378.744722999996
2016-10-01,38233.197089
2016-11-01,38787.24889
2016-12-01,38793.146598
2017-01-01,39390.925695
2017-02-01,38876.216089
2017-03-01,40588.191638000004
2017-04-01,39469.179804
2017-05-01,38194.806168999996
2017-06-01,38145.630972
2017-07-01,37313.120352
2017-08-01,37890.279692
2017-09-01,39037.733996
2017-10-01,39385.24719
2017-11-01,39865.750021
2017-12-01,39631.405246
2018-01-01,40070.500169
2018-02-01,39207.354288
2018-03-01,41139.180556
2018-04-01,40720.967305
2018-05-01,39315.287959
2018-06-01,38233.798743
2018-07-01,38544.209297
2018-08-01,39056.525016
2018-09-01,39079.395137
2018-10-01,40427.599977
2018-11-01,40441.436072000004
2018-12-01,40055.543573
2019-01-01,41816.587728
2019-02-01,41325.116805
2019-03-01,41309.91922
2019-04-01,39885.843364
2019-05-01,40658.7062
2019-06-01,38612.535907
2019-07-01,38484.865244
2019-08-01,38808.495944
2019-09-01,39466.725992
2019-10-01,41283.798645
2019-11-01,41994.717035
2019-12-01,40951.665228
2020-01-01,41292.694087
2020-02-01,40965.766796
2020-03-01,41044.357799
2020-04-01,37179.885666
2020-05-01,36082.468003
2020-06-01,35756.535950000005
2020-07-01,37796.915586
2020-08-01,39113.084150999995
2020-09-01,40271.180509
2020-10-01,42780.416542
2020-11-01,41315.168689
2020-12-01,42069.94683
2021-01-01,43027.817218
2021-02-01,41456.685225
2021-03-01,43638.429293
2021-04-01,42632.422616
2021-05-01,40773.119088
2021-06-01,40411.47842
2021-07-01,40168.481236
2021-08-01,40874.635702
2021-09-01,41950.8132
2021-10-01,42588.860165
2021-11-01,41900.855446999994
2021-12-01,42880.643003
2022-01-01,42555.478155
2022-02-01,41858.143937
2022-03-01,44575.278112
2022-04-01,43213.288967
2022-05-01,42010.354185
2022-06-01,40896.014694
2022-07-01,41218.922373
2022-08-01,42112.088874
2022-09-01,42294.563114
2022-10-01,42543.485831
2022-11-01,42702.056371
2022-12-01,43243.116615
2023-01-01,42841.382544
2023-02-01,43046.35027
2023-03-01,45815.936024
2023-04-01,44913.107639
2023-05-01,43179.577829
2023-06-01,42678.18001
2023-07-01,42032.284530000004
2023-08-01,43475.427961
2023-09-01,44509.831829
2023-10-01,46175.526257
2023-11-01,46795.099927
2023-12-01,47404.219106000004
2024-01-01,46996.513073999995
2024-02-01,46386.650601
2024-03-01,47942.383988
2024-04-01,47394.134113
2024-05-01,47142.78754
2024-06-01,45632.604297
2024-07-01,44931.476205
2024-08-01,46161.662832
2024-09-01,46469.910465
2024-10-01,48039.839696
2024-11-01,47410.762067
2024-12-01,47508.703465
2025-01-01,47597.236081999996
2025-02-01,48251.498301
2025-03-01,50066.21733
2025-04-01,47832.222956
2025-05-01,47014.890692
2025-06-01,45314.177410000004
2025-07-01,45184.501676
2025-08-01,45891.224651
2025-09-01,46326.902208
2025-10-01,47850.174008
2025-11-01,47729.912027
2025-12-01,48173.303890999996
2026-01-01,49156.745808
2026-02-01,47374.518302000004
2026-03-01,48937.203614
2026-04-01,49638.204860000005
